331190662385551,罗拉斯
55979823301123609,里斯
6987174368750095294,弥撒
6987174368750095290,密尔
14754976724484587119,诺佛斯
7333458353337406723,娜恩河
10602660493430674445,娜萨星
432578138947515,潘托斯
55378909172616992,琴恩河
5696116726986567229,科霍尔
3454071566327,洛恩河
55317611361275613,萨梅尔
336860078321787,密海
402249089314024,赛荷鲁江
17958362173018701620,赛荷鲁
3070603616924,石阶列岛
2648614316707,塔斯海峡
53296199216406454,泰洛西
5858923331287477916,上洛恩河
17938570083161351420,瓦利萨
17089091716096581998,天鹅绒丘陵
46676074535313300,瓦兰娜河
46797214153100432,瓦兰提斯
5954320875640710204,维隆瑟斯镇
406998192929528,争议之地
5683543013650379287,平地
2345994416941015910,黄金原野
13752299154745820496,橙色海岸
50648447018226672,伤心领
43487093623961214,海龙角
7328788616531626558,磐石海岸
50769513028848767,明焰湾
5863623624213622054,海怪角
44689386309918536,雄鹰角
50769510376118024,铁民湾
3186958181639,仙女岛
2951369503754,低语湾
422811941801092,雷德温海峡
387550598581279,橡果厅
2918673199724,鹿角堡
6290608719480180804,烙印城
3072094101257,岑树滩
43390374562204967,班达伦堡
6114586021900909439,祸垒
9957308574243283232,苦桥
416951672084351,黑冠城
979605550122922165,黑港
2528175365368,布莱蒙城
432380833129568,梦想城
19346153049,花花城
