15252749650318991601,Evil bridge
15252749649428748083,God Bridge
15252749649727743799,Demon bridge
15252749650604499542,Celestial bridge
17223500924175614666,Small bridge
17223500768974156429,Kisser's Bridge
17222176720889402359,Fashionable bridge
17222176643141423733,God of the Harvest Bridge
14662459533605082531,Vientiane Border
11478880599650210973,Godwing Bridge
5861843959825967634,Thinker's bridge
14662459651993981207,Crackle Pass
5168692089370959030,Little Bridge
5515612942415525098,Kumamoto Bridge
5515612788392067072,Hamm Bridge
5515612864667546344,Floral Bridge
9460322836536032894,How Many Bridge
5861843960720707851,The Bridge of Truth and Fallacy
5861843961878474718,Virtual Bridge
5168692168591437520,Anyway Bridge
5168692284624406391,The Bridge of Life and Death
5255422525494920804,The Bridge of Joy and Sorrow
5428882894736959641,Front and Rear Bridge
5428882815810981340,Beginning and End Bridge
5428882855568470935,Dusk 'til Dawn Bridge
5428882931549450161,Day and Night Bridge
5515613019280004087,The Bridge of Right vs Wrong
14662464587518209261,Small Pass
14662459727680529548,Big Pass
9460322990853991237,Good vs Evil Bridge
111927210593989754,Thrill Pass
14662464742719581291,Resplendence Pass
11151405712509699052,North South Bridge
11151405828542667796,Sentimental Bridge
14662464587812657699,Stimulation Pass
14662464587812692146,Horror Pass
14662464744486666622,Big River Pass
9026676795061666123,Switch Bridge
11151405982860625873,The Bridge of True Love
11151405983744125245,Lovelorn Bridge
11151405943397636852,Clinger's Bridge
14662464781888122267,Small Fish Pass
14662469641431388119,Noble Warrior Pass
14662469641431405288,Big Road Pass
14662469641725767658,Running Water Pass
14662469641725801849,Fear Pass
14662469641725819271,Durian Pass
14662469680305359743,Solitude Pass
14662469797810845383,White Silk Pass
14662469836684731989,Three Brothers Pass
